lat	uni	cat	   size	     mtime	      classname	filename	tag

#googlecode

l		g	   2235	2008/07/10	     addurl.fgp	addurl.fgp_080710.zip
	a	g	   1917	2008/06/11	     addurl.fgp	addurl_080611.zip
	a	g	   1890	2008/06/12	     addurl.fgp	addurl_080612.zip
	a	g	   1849	2008/06/25	     addurl.fgp	addurl_080625.zip
	a	g	   1788	2008/06/26	     addurl.fgp	addurl_080626.zip
		g	   2342	2008/06/29	     addurl.fgp	addurl_080629.zip
		g	   2354	2008/07/01	     addurl.fgp	addurl_080701.zip
	u	g	   2087	2008/06/18	     addurl.fgp	addurlu_080607.zip
	u	g	   2041	2008/06/25	     addurl.fgp	addurlu_080625.zip
	u	g	   1980	2008/06/26	     addurl.fgp	addurlu_080626.zip
	a	a	   1598	2008/06/03	        arj.fap	arj.fap.zip
l	a	a	   1557	2008/07/10	        arj.fap	arj.fap_080710.zip
	a	a	   1588	2008/06/03	        arj.fap	arj_080603.zip
l	u	a	   1588	2008/07/10	        arj.fap	arju.fap_080710.zip
	u	a	   1601	2008/06/14	        arj.fap	arju_080614.zip
		o	   2523	2008/07/10	   bassasio.fop	bassasio.fop_080710.zip
		o	   2831	2008/07/17	   bassasio.fop	bassasio.fop_080716.zip
		o	   2831	2008/07/29	   bassasio.fop	bassasio.fop_080719.zip
		o	   2834	2008/07/30	   bassasio.fop	bassasio.fop_080730.zip
		o	   3140	2008/08/04	   bassasio.fop	bassasio.fop_080804.zip
		o	   3147	2012/05/24	   bassasio.fop	bassasio.fop_120524.zip
l		o	   3193	2013/04/23	   bassasio.fop	bassasio.fop_130423.zip
		o	   2115	2008/07/04	   bassasio.fop	bassasio_080704.zip
		o	   3300	2008/11/12	  bassasiof.fop	bassasiof.fop_0811112.zip
		o	   3300	2008/12/15	  bassasiof.fop	bassasiof.fop_081112.zip
		o	   3301	2012/05/24	  bassasiof.fop	bassasiof.fop_120524.zip
l		o	   3344	2013/04/23	  bassasiof.fop	bassasiof.fop_130423.zip
l		o	   2385	2012/05/23	bassdefault.fop	bassdefault.fop_120523.zip
		o	   3092	2012/05/25	 basswasapi.fop	basswasapi.fop_120525.zip
l		o	   3644	2012/05/29	 basswasapi.fop	basswasapi.fop_120529.zip
	a	g	   3724	2008/07/10	   bookmark.fgp	bookmark.fgp_080710.zip
	a	g	   3739	2008/07/10	   bookmark.fgp	bookmark.fgp_080710_1.zip
	a	g	   3751	2008/07/11	   bookmark.fgp	bookmark.fgp_080711.zip
		g	   4714	2008/08/04	   bookmark.fgp	bookmark.fgp_080804.zip
l		g	   4772	2008/08/07	   bookmark.fgp	bookmark.fgp_080807.zip
	a	g	   4067	2008/06/18	   bookmark.fgp	bookmark_080617.zip
	a	g	   3829	2008/06/20	   bookmark.fgp	bookmark_080620.zip
	a	g	   3902	2008/06/25	   bookmark.fgp	bookmark_080625.zip
	a	g	   3829	2008/06/26	   bookmark.fgp	bookmark_080626.zip
	a	g	   3831	2008/06/29	   bookmark.fgp	bookmark_080629.zip
	a	g	   3830	2008/07/01	   bookmark.fgp	bookmark_080701.zip
	u	g	   3751	2008/07/10	   bookmark.fgp	bookmarku.fgp_080710.zip
	u	g	   3771	2008/07/10	   bookmark.fgp	bookmarku.fgp_080710_1.zip
	u	g	   3780	2008/07/11	   bookmark.fgp	bookmarku.fgp_080711.zip
	u	g	   4107	2008/06/18	   bookmark.fgp	bookmarku_080617.zip
	u	g	   3876	2008/06/20	   bookmark.fgp	bookmarku_080620.zip
	u	g	   3941	2008/06/25	   bookmark.fgp	bookmarku_080625.zip
	u	g	   3876	2008/06/26	   bookmark.fgp	bookmarku_080626.zip
	u	g	   3886	2008/06/29	   bookmark.fgp	bookmarku_080629.zip
	a	a	   2338	2008/06/03	        cab.fap	cab.fap.zip
l	a	a	   2494	2008/07/10	        cab.fap	cab.fap_080710.zip
	a	a	   2499	2008/07/01	        cab.fap	cab_080701.zip
l	u	a	   2483	2008/07/10	        cab.fap	cabu.fap_080710.zip
	u	a	   2495	2008/06/14	        cab.fap	cabu_080614.zip
	a	a	   3890	2008/07/10	        cue.fap	cue.fap_080710.zip
	a	a	   3908	2008/08/04	        cue.fap	cue.fap_080804.zip
l	a	a	   3921	2008/11/12	        cue.fap	cue.fap_081112.zip
	a	a	   3017	2008/06/13	        cue.fap	cue_080613.zip
	a	a	   3783	2008/06/29	        cue.fap	cue_080629.zip
	a	a	   3890	2008/07/04	        cue.fap	cue_080704.zip
	u	a	   3847	2008/07/10	        cue.fap	cueu.fap_080710.zip
	u	a	   3867	2008/08/04	        cue.fap	cueu.fap_080804.zip
l	u	a	   3868	2008/11/12	        cue.fap	cueu.fap_081112.zip
	u	a	   2958	2008/06/14	        cue.fap	cueu_080614.zip
	u	a	   3734	2008/06/29	        cue.fap	cueu_080629.zip
	u	a	   3844	2008/07/04	        cue.fap	cueu_080704.zip
	a	s	 164043	2008/06/04	      f4b24.exe	f4b24t11.zip
	a	s	 177483	2008/06/03	      f4b24.exe	f4b24t11beta.zip
	a	s	 190552	2008/06/11	      f4b24.exe	f4b24t12.zip
	a	s	 190778	2008/06/11	      f4b24.exe	f4b24t13.zip
	a	s	 189231	2008/06/13	      f4b24.exe	f4b24t14.zip
	a	s	 189530	2008/06/13	      f4b24.exe	f4b24t15.zip
	a	s	 189178	2008/06/14	      f4b24.exe	f4b24t16.zip
	u	s	 189124	2008/06/14	      f4b24.exe	f4b24t16u.zip
	a	s	 189275	2008/06/15	      f4b24.exe	f4b24t17.zip
	u	s	 189440	2008/06/15	      f4b24.exe	f4b24t17u.zip
	a	s	 188236	2008/06/18	      f4b24.exe	f4b24t18.zip
	u	s	 188498	2008/06/18	      f4b24.exe	f4b24t18u.zip
	a	s	 187861	2008/06/20	      f4b24.exe	f4b24t19.zip
	u	s	 188166	2008/06/20	      f4b24.exe	f4b24t19u.zip
	a	s	 188116	2008/06/24	      f4b24.exe	f4b24t20.zip
	u	s	 188293	2008/06/24	      f4b24.exe	f4b24t20u.zip
	a	s	 188162	2008/06/25	      f4b24.exe	f4b24t21.zip
	u	s	 188351	2008/06/25	      f4b24.exe	f4b24t21u.zip
	a	s	 188390	2008/06/26	      f4b24.exe	f4b24t22.zip
	u	s	 188678	2008/06/26	      f4b24.exe	f4b24t22u.zip
	a	s	 188165	2008/06/26	      f4b24.exe	f4b24t23.zip
	u	s	 188676	2008/06/26	      f4b24.exe	f4b24t23u.zip
	a	s	 188482	2008/06/27	      f4b24.exe	f4b24t24.zip
	u	s	 189011	2008/06/27	      f4b24.exe	f4b24t24u.zip
	a	s	 189340	2008/06/29	      f4b24.exe	f4b24t25.zip
	u	s	 189795	2008/06/29	      f4b24.exe	f4b24t25u.zip
	a	s	 190077	2008/06/30	      f4b24.exe	f4b24t26.zip
	u	s	 190643	2008/06/30	      f4b24.exe	f4b24t26u.zip
	a	s	 190118	2008/07/01	      f4b24.exe	f4b24t27.zip
	u	s	 190657	2008/07/01	      f4b24.exe	f4b24t27u.zip
	a	s	 222957	2008/07/04	      f4b24.exe	f4b24t28.zip
	u	s	 223593	2008/07/04	      f4b24.exe	f4b24t28u.zip
	a	s	 196063	2008/07/10	      f4b24.exe	f4b24t29.zip
	u	s	 196456	2008/07/10	      f4b24.exe	f4b24t29u.zip
	a	s	 195981	2008/07/11	      f4b24.exe	f4b24t30.zip
	u	s	 196521	2008/07/11	      f4b24.exe	f4b24t30u.zip
	a	s	 195968	2008/07/11	      f4b24.exe	f4b24t31.zip
	u	s	 196557	2008/07/11	      f4b24.exe	f4b24t31u.zip
	a	s	 196009	2008/07/17	      f4b24.exe	f4b24t32.zip
	u	s	 196535	2008/07/17	      f4b24.exe	f4b24t32u.zip
	a	s	 196181	2008/07/29	      f4b24.exe	f4b24t33.zip
	a	s	 196248	2008/07/29	      f4b24.exe	f4b24t33_.zip
	u	s	 198858	2008/07/29	      f4b24.exe	f4b24t33u.zip
	u	s	 198925	2008/07/29	      f4b24.exe	f4b24t33u_.zip
	a	s	 196254	2008/07/29	      f4b24.exe	f4b24t34.zip
	u	s	 198931	2008/07/29	      f4b24.exe	f4b24t34u.zip
	a	s	  57428	2008/07/31	      f4b24.exe	f4b24t35.1u.zip
	a	s	 196380	2008/07/30	      f4b24.exe	f4b24t35.zip
	u	s	 199064	2008/07/30	      f4b24.exe	f4b24t35u.zip
	a	s	 195782	2008/08/04	      f4b24.exe	f4b24t36.zip
	u	s	 197797	2008/08/04	      f4b24.exe	f4b24t36u.zip
	a	s	 195845	2008/08/05	      f4b24.exe	f4b24t37.zip
	u	s	 197832	2008/08/05	      f4b24.exe	f4b24t37u.zip
	a	s	 196604	2008/08/05	      f4b24.exe	f4b24t38.zip
	u	s	 198586	2008/08/05	      f4b24.exe	f4b24t38u.zip
	a	s	 196106	2008/08/07	      f4b24.exe	f4b24t39.zip
	u	s	 197907	2008/08/07	      f4b24.exe	f4b24t39u.zip
	a	s	 198052	2008/11/12	      f4b24.exe	f4b24t41.zip
	u	s	 199345	2008/11/12	      f4b24.exe	f4b24t41u.zip
	a	s	 197566	2008/12/19	      f4b24.exe	f4b24t42.zip
	u	s	 199435	2008/12/19	      f4b24.exe	f4b24t42u.zip
	a	s	 198075	2009/09/24	      f4b24.exe	f4b24t43.zip
	u	s	 199958	2009/09/24	      f4b24.exe	f4b24t43u.zip
	u	s	 200044	2009/10/02	      f4b24.exe	f4b24t44u.zip
	a	s	 201784	2011/04/18	      f4b24.exe	f4b24t45.zip
	u	s	 203594	2011/04/18	      f4b24.exe	f4b24t45u.zip
	u	s	 203751	2011/04/19	      f4b24.exe	f4b24t46u.zip
	a	s	 207532	2012/07/05	      f4b24.exe	f4b24t47.zip
	u	s	 209308	2012/07/05	      f4b24.exe	f4b24t47u.zip
	a	s	 206967	2012/10/11	      f4b24.exe	f4b24t48.zip
	u	s	 208742	2012/10/11	      f4b24.exe	f4b24t48u.zip
	a	s	 207040	2012/10/23	      f4b24.exe	f4b24t49.zip
	u	s	 208819	2012/10/23	      f4b24.exe	f4b24t49u.zip
l	a	s	 207077	2012/10/24	      f4b24.exe	f4b24t50.zip
l	u	s	 208865	2012/10/24	      f4b24.exe	f4b24t50u.zip
		g	   2536	2008/07/10	    fconfig.fgp	fconfig.fgp_080710.zip
	a	g	   2298	2008/06/11	    fconfig.fgp	fconfig_080611.zip
	a	g	   2248	2008/06/25	    fconfig.fgp	fconfig_080625.zip
	a	g	   2191	2008/06/26	    fconfig.fgp	fconfig_080626.zip
		g	   2357	2008/06/29	    fconfig.fgp	fconfig_080629.zip
	u	g	   2272	2008/06/25	    fconfig.fgp	fconfigu_080625.zip
	u	g	   2213	2008/06/26	    fconfig.fgp	fconfigu_080626.zip
		l	   1152	2008/08/04	   filename.flp	filename.flp_080804.zip
		l	   1223	2008/08/05	   filename.flp	filename.flp_080805.zip
		l	   1206	2008/08/05	   filename.flp	filename.flp_080805_2.zip
l		l	   1205	2008/08/07	   filename.flp	filename.flp_080807.zip
	a	c	  10102	2008/06/30	     fittle.fcp	fittle_fcp_080630.zip
	u	c	  10072	2008/06/30	     fittle.fcp	fittle_fcpu_080630.zip
	a	a	  30510	2008/06/03	        gca.fap	gca.fap.zip
l	a	a	  30363	2008/07/10	        gca.fap	gca.fap_080710.zip
	a	a	  30362	2008/07/01	        gca.fap	gca_080701.zip
l	u	a	  30439	2008/07/10	        gca.fap	gcau.fap_080710.zip
	u	a	  30589	2008/06/14	        gca.fap	gcau_080614.zip
	a	a	   1599	2008/06/03	        lha.fap	lha.fap.zip
l	a	a	   1492	2008/07/10	        lha.fap	lha.fap_080710.zip
	a	a	   1588	2008/06/03	        lha.fap	lha_080603.zip
l	u	a	   1512	2008/07/10	        lha.fap	lhau.fap_080710.zip
	u	a	   1633	2008/06/14	        lha.fap	lhau_080614.zip
		c	   3990	2008/08/04	    lplugin.fcp	lplugin.fcp_080804.zip
		c	   3965	2008/08/04	    lplugin.fcp	lplugin.fcp_080804_2.zip
		c	   4028	2008/08/05	    lplugin.fcp	lplugin.fcp_080805.zip
		c	   4507	2008/08/05	    lplugin.fcp	lplugin.fcp_080805_2.zip
l		c	   4510	2008/08/07	    lplugin.fcp	lplugin.fcp_080807.zip
		g	   2771	2008/08/04	    lplugin.fgp	lplugin.fgp_080804.zip
		g	   2778	2008/08/05	    lplugin.fgp	lplugin.fgp_080805.zip
l		g	   2780	2008/08/07	    lplugin.fgp	lplugin.fgp_080807.zip
l		f	   3336	2008/12/15	     lyrics.dll	lyrics.dll_081215.zip
	a	f	   6477	2008/06/03	   minipane.fgp	minipane.dll.zip
	a	f	   6767	2008/07/10	   minipane.fgp	minipane.dll_080710.zip
	a	f	   7393	2008/08/04	   minipane.fgp	minipane.dll_080804.zip
	a	f	   7855	2011/04/18	   minipane.fgp	minipane.dll_110418.zip
l	a	f	   7442	2011/04/21	   minipane.fgp	minipane.dll_110421.zip
		c	   3739	2008/07/10	   minipane.fcp	minipane.fcp_080710.zip
l		c	   3984	2008/08/04	   minipane.fcp	minipane.fcp_080804.zip
	a	f	  21570	2008/06/03	   minipane.fgp	minipane_080603.zip
	a	f	   9081	2008/06/11	   minipane.fgp	minipane_080610.zip
	a	f	   6552	2008/06/25	   minipane.fgp	minipane_080625.zip
	a	f	  10243	2008/06/26	   minipane.fgp	minipane_080626.zip
	a	f	  10181	2008/06/26	   minipane.fgp	minipane_080626_2.zip
	u	g	   6882	2008/07/10	   minipane.fgp	minipaneu.fgp_080710.zip
	u	g	   7355	2008/08/04	   minipane.fgp	minipaneu.fgp_080804.zip
	u	g	   7807	2011/04/18	   minipane.fgp	minipaneu.fgp_110418.zip
l	u	g	   7239	2011/04/21	   minipane.fgp	minipaneu.fgp_110421.zip
	u	g	   9755	2008/06/18	   minipane.fgp	minipaneu_080607.zip
	u	g	   6824	2008/06/25	   minipane.fgp	minipaneu_080625.zip
	u	g	  10565	2008/06/26	   minipane.fgp	minipaneu_080626.zip
	u	g	  10478	2008/06/26	   minipane.fgp	minipaneu_080626_2.zip
		c	   4081	2008/07/10	     output.fcp	output.fcp_080710.zip
l		c	   4540	2008/08/04	     output.fcp	output.fcp_080804.zip
		c	   3856	2008/07/04	     output.fcp	output_080704.zip
	a	a	   1559	2008/06/03	        rar.fap	rar.fap.zip
l	a	a	   1621	2008/07/10	        rar.fap	rar.fap_080710.zip
l	u	a	   1652	2008/07/10	        rar.fap	raru.fap_080710.zip
	u	a	   1542	2008/06/14	        rar.fap	raru_080614.zip
		g	   4066	2008/07/10	 replaygain.fgp	replaygain.fgp_080710.zip
l		g	   4081	2008/11/12	 replaygain.fgp	replaygain.fgp_081112.zip
	a	g	   3619	2008/06/29	 replaygain.fgp	replaygain_080629.zip
		g	   3633	2008/07/01	 replaygain.fgp	replaygain_080701.zip
		g	   3744	2008/07/04	 replaygain.fgp	replaygain_080704.zip
		g	   4108	2008/12/19	 replaygain.fgp	replaygain_081219.zip
	u	g	   3615	2008/06/29	 replaygain.fgp	replaygainu_080629.zip
l		f	    905	2008/08/04	    seekrev.dll	seekrev.dll_080804.zip
		l	   1527	2008/08/04	    taginfo.flp	taginfo.flp_080804.zip
		l	   1794	2008/08/05	    taginfo.flp	taginfo.flp_080805.zip
		l	   2187	2008/08/05	    taginfo.flp	taginfo.flp_080805_2.zip
		l	   2187	2008/08/07	    taginfo.flp	taginfo.flp_080807.zip
l		l	   2210	2009/07/13	    taginfo.flp	taginfo.flp_090713.zip
	a	a	   1656	2008/06/03	        tar.fap	tar.fap.zip
l	a	a	   1656	2008/07/10	        tar.fap	tar.fap_080710.zip
	a	a	   1644	2008/06/03	        tar.fap	tar_080603.zip
	u	a	   1771	2008/07/10	        tar.fap	taru.fap_080710.zip
l	u	a	   1792	2008/07/29	        tar.fap	taru.fap_080719.zip
	u	a	   1823	2008/06/14	        tar.fap	taru_080614.zip
		f	   1316	2008/06/03	    taskvol.dll	taskvol.dll.zip
l		f	   1328	2008/07/10	    taskvol.dll	taskvol.dll_080710.zip
		f	   1333	2008/06/26	    taskvol.dll	taskvol_080626.zip
l		c	   2754	2012/10/24	   treetool.fcp	treetool.fcp_121024.zip
l		g	    896	2012/10/23	   treetool.fgp	treetool.fgp_121023.zip
l		c	   1445	2008/07/10	      wadsp.fcp	wadsp.fcp_080710.zip
		g	   2245	2008/07/10	      wadsp.fgp	wadsp.fgp_080710.zip
		g	   2320	2008/07/17	      wadsp.fgp	wadsp.fgp_080716.zip
l		g	   2312	2008/08/06	      wadsp.fgp	wadsp.fgp_080806.zip
		g	   3269	2008/06/29	      wadsp.fgp	wadsp_080629.zip
		g	   3314	2008/07/04	      wadsp.fgp	wadsp_080704.zip
		g	   3345	2008/07/05	      wadsp.fgp	wadsp_080705.zip
		f	    907	2008/06/03	   xdelfile.dll	xdelfile.dll.zip
l		f	    858	2008/07/10	   xdelfile.dll	xdelfile.dll_080710.zip
		f	    852	2008/06/25	   xdelfile.dll	xdelfile_080625.zip
		f	    859	2008/06/26	   xdelfile.dll	xdelfile_080626.zip
	a	a	   1585	2008/06/03	        zip.fap	zip.fap.zip
l	a	a	   1599	2008/07/10	        zip.fap	zip.fap_080710.zip
	a	a	   1575	2008/06/03	        zip.fap	zip_080603.zip
	u	a	   1583	2008/07/10	        zip.fap	zipu.fap_080710.zip
	u	a	   1684	2008/07/11	        zip.fap	zipu.fap_080711.zip
l	u	a	   1728	2008/07/29	        zip.fap	zipu.fap_080719.zip
	u	a	   1799	2008/06/14	        zip.fap	zipu_080614.zip

#test51

l	x	s	 246488	2017/06/29	      f4b24.exe	f4b24t51_x64.zip	test51
l	a	a	   2083	2017/06/29	         7z.fap	7z.fap_170629.zip	test51
l	u	a	   1730	2017/06/29	        7zu.fap	7zu.fap_170629.zip	test51
l	x	a	   2176	2017/06/29	        7zu.fap	7zu.fap_x64_170629.zip	test51
l	x	a	   3223	2017/06/29	       cabu.fap	cabu.fap_x64_170629.zip	test51
l	x	a	   4237	2017/06/29	       cueu.fap	cueu.fap_x64_170629.zip	test51
l	x	a	   1987	2017/06/29	       raru.fap	raru.fap_x64_170629.zip	test51
l	x	a	   2102	2017/06/29	       taru.fap	taru.fap_x64_170629.zip	test51

l	x	o	   3501	2017/06/29	       bass.fop	bass.fop_x64_170629.zip	test51
l	x	o	   4520	2017/06/29	   bassasio.fop	bassasio.fop_x64_170629.zip	test51
l	x	o	   4664	2017/06/29	  bassasiof.fop	bassasiof.fop_x64_170629.zip	test51
l	x	o	   3405	2017/06/29	bassdefault.fop	bassdefault.fop_x64_170629.zip	test51
l	x	o	   5005	2017/06/29	 basswasapi.fop	basswasapi.fop_x64_170629.zip	test51

l	x	c	  11860	2017/06/29	     fittle.fcp	fittle.fcp_x64_170629.zip	test51
l	x	c	   6174	2017/06/29	    lplugin.fcp	lplugin.fcp_x64_170629.zip	test51
l	x	c	   5622	2017/06/29	   minipape.fcp	minipane.fcp_x64_170629.zip	test51
l	x	c	   6085	2017/06/29	     output.fcp	output.fcp_x64_170629.zip	test51
l	x	c	   3994	2017/06/29	   treetool.fcp	treetool.fcp_x64_170629.zip	test51
	x	c	   1697	2017/06/29	      wadsp.fcp	wadsp.fcp_x64_170629.zip	test51

l	x	l	   2160	2017/06/29	   filename.flp	filename.flp_x64_170629.zip	test51
l	x	l	   3377	2017/06/29	    taginfo.flp	taginfo.flp_x64_170629.zip	test51

l	x	g	   3301	2017/06/29	     addurl.fgp	addurl.fgp_x64_170629.zip	test51
l	x	g	   6690	2017/06/29	   bookmark.fgp	bookmark.fgp_x64_170629.zip	test51
	x	g	   3591	2017/06/29	    fconfig.fgp	fconfig.fgp_x64_170629.zip	test51
l	x	g	   4268	2017/06/29	    lplugin.fgp	lplugin.fgp_x64_170629.zip	test51
l	x	g	   9163	2017/06/29	  minipaneu.fgp	minipaneu.fgp_x64_170629.zip	test51
l	x	g	   5390	2017/06/29	 replaygain.fgp	replaygain.fgp_x64_170629.zip	test51
l	x	g	   1014	2017/06/29	   treetool.fgp	treetool.fgp_x64_170629.zip	test51
	x	g	   3337	2017/06/29	      wadsp.fgp	wadsp.fgp_x64_170629.zip	test51

l	x	f	   1272	2017/06/29	      bkimg.dll	bkimg.dll_x64_170629.zip	test51
l	x	f	   2472	2017/06/29	    gesture.dll	gesture.dll_x64_170629.zip	test51
l	x	f	   2352	2017/06/29	jacket_panel.dll	jacket_panel.dll_x64_170629.zip	test51
l	x	f	 124300	2017/06/29	    last.fm.dll	last.fm.dll_x64_170629.zip	test51
l	x	f	   4781	2017/06/29	     lyrics.dll	lyrics.dll_x64_170629.zip	test51
l	x	f	   1485	2017/06/29	lyrics_master.dll	lyrics_master.dll_x64_170629.zip	test51
l	x	f	   2541	2017/06/29	mixi_music_winamp.dll	mixi_music_winamp.dll_x64_170629.zip	test51
l	x	f	   4627	2017/06/29	     mpsnap.dll	mpsnap.dll_x64_170629.zip	test51
l	x	f	   1683	2017/06/29	    msnmess.dll	msnmess.dll_x64_170629.zip	test51
l	x	f	   1384	2017/06/29	   opentext.dll	opentext.dll_x64_170629.zip	test51
l	x	f	   3143	2017/06/29	    ranking.dll	ranking.dll_x64_170629.zip	test51
l	x	f	    997	2017/06/29	    seekrev.dll	seekrev.dll_x64_170629.zip	test51
l	x	f	   1565	2017/06/29	    taskvol.dll	taskvol.dll_x64_170629.zip	test51
l	x	f	   1331	2017/06/29	    timecap.dll	timecap.dll_x64_170629.zip	test51
l	x	f	   1072	2017/06/29	    topmost.dll	topmost.dll_x64_170629.zip	test51
l	x	f	    986	2017/06/29	   xdelfile.dll	xdelfile.dll_x64_170629.zip	test51
